Source path,Class name,Method name,Method signature,Cyclomatic complexity,Cognitive complexity,Max nesting depth,Line count,Parameter count,ABC score,Assignments,Branches,Conditions,Halstead volume,Halstead difficulty,Halstead estimated bugs
src/main/java/org/openrewrite/maven/AbstractRewriteBaseRunMojo.java,org.openrewrite.maven.AbstractRewriteBaseRunMojo,log,"org.openrewrite.maven.AbstractRewriteBaseRunMojo{name=log,return=void,parameters=[org.openrewrite.maven.LogLevel,java.lang.CharSequence]}",5,1,1,17,2,8.0,0,8,0,144.43,6.18,0.03
src/main/java/org/openrewrite/maven/AbstractRewriteBaseRunMojo.java,org.openrewrite.maven.AbstractRewriteBaseRunMojo,repositoryRoot,"org.openrewrite.maven.AbstractRewriteBaseRunMojo{name=repositoryRoot,return=java.nio.file.Path,parameters=[]}",4,3,1,17,0,5.83,3,4,3,147.16,12.0,0.05
src/main/java/org/openrewrite/maven/AbstractRewriteBaseRunMojo.java,org.openrewrite.maven.AbstractRewriteBaseRunMojo,listResults,"org.openrewrite.maven.AbstractRewriteBaseRunMojo{name=listResults,return=org.openrewrite.maven.AbstractRewriteBaseRunMojo$ResultsContainer,parameters=[org.openrewrite.ExecutionContext]}",10,10,3,62,1,60.74,8,60,5,1579.44,42.01,0.55
src/main/java/org/openrewrite/maven/AbstractRewriteBaseRunMojo.java,org.openrewrite.maven.AbstractRewriteBaseRunMojo,configureRecipeOptions,"org.openrewrite.maven.AbstractRewriteBaseRunMojo{name=configureRecipeOptions,return=void,parameters=[org.openrewrite.Recipe,java.util.Set<java.lang.String>]}",9,7,2,28,2,16.55,3,16,3,554.12,18.08,0.15
src/main/java/org/openrewrite/maven/AbstractRewriteBaseRunMojo.java,org.openrewrite.maven.AbstractRewriteBaseRunMojo,updateOption,"org.openrewrite.maven.AbstractRewriteBaseRunMojo{name=updateOption,return=void,parameters=[org.openrewrite.Recipe,java.lang.reflect.Field,java.lang.String]}",3,2,1,16,3,11.09,1,11,1,260.47,11.25,0.07
src/main/java/org/openrewrite/maven/AbstractRewriteBaseRunMojo.java,org.openrewrite.maven.AbstractRewriteBaseRunMojo,convertOptionValue,"org.openrewrite.maven.AbstractRewriteBaseRunMojo{name=convertOptionValue,return=java.lang.Object,parameters=[java.lang.String,java.lang.String,java.lang.Class<Generic{?}>]}",9,6,1,22,3,12.04,0,12,1,342.35,15.47,0.1
src/main/java/org/openrewrite/maven/AbstractRewriteBaseRunMojo.java,org.openrewrite.maven.AbstractRewriteBaseRunMojo,loadSourceSet,"org.openrewrite.maven.AbstractRewriteBaseRunMojo{name=loadSourceSet,return=org.openrewrite.LargeSourceSet,parameters=[java.nio.file.Path,org.openrewrite.config.Environment,org.openrewrite.ExecutionContext]}",1,0,0,11,3,8.94,4,8,0,239.63,5.1,0.04
src/main/java/org/openrewrite/maven/AbstractRewriteBaseRunMojo.java,org.openrewrite.maven.AbstractRewriteBaseRunMojo,runRecipe,"org.openrewrite.maven.AbstractRewriteBaseRunMojo{name=runRecipe,return=java.util.List<org.openrewrite.Result>,parameters=[org.openrewrite.Recipe,org.openrewrite.LargeSourceSet,org.openrewrite.ExecutionContext]}",4,4,1,27,3,25.67,5,25,3,633.36,18.96,0.17
src/main/java/org/openrewrite/maven/AbstractRewriteBaseRunMojo.java,org.openrewrite.maven.AbstractRewriteBaseRunMojo,sourcesWithAutoDetectedStyles,"org.openrewrite.maven.AbstractRewriteBaseRunMojo{name=sourcesWithAutoDetectedStyles,return=java.util.List<org.openrewrite.SourceFile>,parameters=[java.util.stream.Stream<org.openrewrite.SourceFile>]}",2,4,1,24,1,18.68,5,18,0,681.62,18.55,0.18
src/main/java/org/openrewrite/maven/AbstractRewriteBaseRunMojo.java,org.openrewrite.maven.AbstractRewriteBaseRunMojo,applyAutodetectedStyle,"org.openrewrite.maven.AbstractRewriteBaseRunMojo{name=applyAutodetectedStyle,return=java.util.function.UnaryOperator<org.openrewrite.SourceFile>,parameters=[java.util.Map<java.lang.Class<Generic{? extends org.openrewrite.Tree}>, org.openrewrite.style.NamedStyles>]}",3,5,2,11,1,8.06,1,8,0,179.75,9.34,0.05
src/main/java/org/openrewrite/maven/AbstractRewriteBaseRunMojo.java,org.openrewrite.maven.AbstractRewriteBaseRunMojo,merge,"org.openrewrite.maven.AbstractRewriteBaseRunMojo{name=merge,return=void,parameters=[java.lang.ClassLoader,java.net.URLClassLoader]}",5,5,2,19,2,10.25,2,10,1,276.1,12.95,0.08
src/main/java/org/openrewrite/maven/AbstractRewriteBaseRunMojo.java,org.openrewrite.maven.AbstractRewriteBaseRunMojo,stripVersion,"org.openrewrite.maven.AbstractRewriteBaseRunMojo{name=stripVersion,return=java.lang.String,parameters=[java.net.URL]}",1,0,0,4,1,2.0,0,2,0,24.0,1.5,0.0
src/main/java/org/openrewrite/maven/AbstractRewriteBaseRunMojo.java,org.openrewrite.maven.AbstractRewriteBaseRunMojo$ResultsContainer,ResultsContainer,"org.openrewrite.maven.AbstractRewriteBaseRunMojo$ResultsContainer{name=<constructor>,return=org.openrewrite.maven.AbstractRewriteBaseRunMojo$ResultsContainer,parameters=[java.nio.file.Path,java.util.Collection<org.openrewrite.Result>]}",10,13,2,24,2,27.22,4,25,10,635.0,25.45,0.21
src/main/java/org/openrewrite/maven/AbstractRewriteBaseRunMojo.java,org.openrewrite.maven.AbstractRewriteBaseRunMojo$ResultsContainer,getFirstException,"org.openrewrite.maven.AbstractRewriteBaseRunMojo$ResultsContainer{name=getFirstException,return=java.lang.RuntimeException,parameters=[]}",9,12,2,24,0,4.0,0,4,0,185.02,4.95,0.03
src/main/java/org/openrewrite/maven/AbstractRewriteBaseRunMojo.java,org.openrewrite.maven.AbstractRewriteBaseRunMojo$ResultsContainer,getRecipeErrors,"org.openrewrite.maven.AbstractRewriteBaseRunMojo$ResultsContainer{name=getRecipeErrors,return=java.util.List<java.lang.RuntimeException>,parameters=[org.openrewrite.Result]}",1,0,0,17,1,16.49,4,16,0,474.5,11.24,0.1
src/main/java/org/openrewrite/maven/AbstractRewriteBaseRunMojo.java,org.openrewrite.maven.AbstractRewriteBaseRunMojo$ResultsContainer,getProjectRoot,"org.openrewrite.maven.AbstractRewriteBaseRunMojo$ResultsContainer{name=getProjectRoot,return=java.nio.file.Path,parameters=[]}",1,0,0,4,0,0.0,0,0,0,2.0,0.5,0.0
src/main/java/org/openrewrite/maven/AbstractRewriteBaseRunMojo.java,org.openrewrite.maven.AbstractRewriteBaseRunMojo$ResultsContainer,isNotEmpty,"org.openrewrite.maven.AbstractRewriteBaseRunMojo$ResultsContainer{name=isNotEmpty,return=boolean,parameters=[]}",4,1,0,4,0,5.66,0,4,4,63.4,3.2,0.01
src/main/java/org/openrewrite/maven/AbstractRewriteBaseRunMojo.java,org.openrewrite.maven.AbstractRewriteBaseRunMojo$ResultsContainer,newlyEmptyDirectories,"org.openrewrite.maven.AbstractRewriteBaseRunMojo$ResultsContainer{name=newlyEmptyDirectories,return=java.util.List<java.nio.file.Path>,parameters=[]}",7,8,3,30,0,21.19,2,21,2,502.3,18.33,0.15
src/main/java/org/openrewrite/maven/AbstractRewriteBaseRunMojo.java,org.openrewrite.maven.AbstractRewriteBaseRunMojo$ResultsContainer$FencedMarkerPrinter,beforeSyntax,"org.openrewrite.maven.AbstractRewriteBaseRunMojo$ResultsContainer$FencedMarkerPrinter{name=beforeSyntax,return=java.lang.String,parameters=[org.openrewrite.marker.Marker,org.openrewrite.Cursor,java.util.function.UnaryOperator<java.lang.String>]}",3,2,0,4,3,1.0,0,1,0,62.91,3.86,0.01
src/main/java/org/openrewrite/maven/AbstractRewriteBaseRunMojo.java,org.openrewrite.maven.AbstractRewriteBaseRunMojo$ResultsContainer$FencedMarkerPrinter,afterSyntax,"org.openrewrite.maven.AbstractRewriteBaseRunMojo$ResultsContainer$FencedMarkerPrinter{name=afterSyntax,return=java.lang.String,parameters=[org.openrewrite.marker.Marker,org.openrewrite.Cursor,java.util.function.UnaryOperator<java.lang.String>]}",3,2,0,5,3,1.0,0,1,0,62.91,3.86,0.01
src/main/java/org/openrewrite/maven/AbstractRewriteBaseRunMojo.java,org.openrewrite.maven.AbstractRewriteBaseRunMojo,logRecipesThatMadeChanges,"org.openrewrite.maven.AbstractRewriteBaseRunMojo{name=logRecipesThatMadeChanges,return=void,parameters=[org.openrewrite.Result]}",2,1,1,9,1,3.61,3,2,0,79.95,4.44,0.02
src/main/java/org/openrewrite/maven/AbstractRewriteBaseRunMojo.java,org.openrewrite.maven.AbstractRewriteBaseRunMojo,logRecipe,"org.openrewrite.maven.AbstractRewriteBaseRunMojo{name=logRecipe,return=void,parameters=[org.openrewrite.config.RecipeDescriptor,java.lang.String]}",5,7,2,20,2,21.31,2,21,3,500.68,17.88,0.14
src/main/java/org/openrewrite/maven/AbstractRewriteBaseRunMojo.java,org.openrewrite.maven.AbstractRewriteBaseRunMojo,estimateTimeSavedSum,"org.openrewrite.maven.AbstractRewriteBaseRunMojo{name=estimateTimeSavedSum,return=java.time.Duration,parameters=[org.openrewrite.Result,java.time.Duration]}",2,1,1,7,2,3.16,0,3,1,49.83,4.0,0.01
src/main/java/org/openrewrite/maven/AbstractRewriteBaseRunMojo.java,org.openrewrite.maven.AbstractRewriteBaseRunMojo,formatDuration,"org.openrewrite.maven.AbstractRewriteBaseRunMojo{name=formatDuration,return=java.lang.String,parameters=[java.time.Duration]}",1,0,0,8,1,5.0,0,5,0,58.6,3.0,0.01
src/main/java/org/openrewrite/maven/AbstractRewriteDryRunMojo.java,org.openrewrite.maven.AbstractRewriteDryRunMojo,execute,"org.openrewrite.maven.AbstractRewriteDryRunMojo{name=execute,return=void,parameters=[]}",18,31,3,118,0,97.62,13,96,12,3079.48,60.47,1.09
src/main/java/org/openrewrite/maven/AbstractRewriteMojo.java,org.openrewrite.maven.AbstractRewriteMojo,environment,"org.openrewrite.maven.AbstractRewriteMojo{name=environment,return=org.openrewrite.config.Environment,parameters=[]}",1,0,0,4,0,2.0,0,2,0,11.61,1.5,0.0
src/main/java/org/openrewrite/maven/AbstractRewriteMojo.java,org.openrewrite.maven.AbstractRewriteMojo$Config,Config,"org.openrewrite.maven.AbstractRewriteMojo$Config{name=<constructor>,return=org.openrewrite.maven.AbstractRewriteMojo$Config,parameters=[java.io.InputStream,java.net.URI]}",1,0,0,5,2,2.0,2,0,0,9.51,1.0,0.0
src/main/java/org/openrewrite/maven/AbstractRewriteMojo.java,org.openrewrite.maven.AbstractRewriteMojo,getConfig,"org.openrewrite.maven.AbstractRewriteMojo{name=getConfig,return=org.openrewrite.maven.AbstractRewriteMojo$Config,parameters=[]}",6,5,2,27,0,22.65,5,22,2,523.56,19.85,0.16
src/main/java/org/openrewrite/maven/AbstractRewriteMojo.java,org.openrewrite.maven.AbstractRewriteMojo,environment,"org.openrewrite.maven.AbstractRewriteMojo{name=environment,return=org.openrewrite.config.Environment,parameters=[java.lang.ClassLoader]}",5,5,3,24,1,11.58,3,11,2,349.4,13.22,0.09
src/main/java/org/openrewrite/maven/AbstractRewriteMojo.java,org.openrewrite.maven.AbstractRewriteMojo,executionContext,"org.openrewrite.maven.AbstractRewriteMojo{name=executionContext,return=org.openrewrite.ExecutionContext,parameters=[java.util.List<java.lang.Throwable>]}",1,0,0,7,1,4.0,0,4,0,50.19,4.0,0.01
src/main/java/org/openrewrite/maven/AbstractRewriteMojo.java,org.openrewrite.maven.AbstractRewriteMojo,getBuildRoot,"org.openrewrite.maven.AbstractRewriteMojo{name=getBuildRoot,return=java.nio.file.Path,parameters=[]}",3,2,1,16,0,13.38,3,13,1,279.18,11.45,0.07
src/main/java/org/openrewrite/maven/AbstractRewriteMojo.java,org.openrewrite.maven.AbstractRewriteMojo,collectBasePaths,"org.openrewrite.maven.AbstractRewriteMojo{name=collectBasePaths,return=void,parameters=[org.apache.maven.project.MavenProject,java.util.Set<java.nio.file.Path>,java.nio.file.Path]}",7,5,1,15,3,12.08,3,11,4,302.66,19.66,0.11
src/main/java/org/openrewrite/maven/AbstractRewriteMojo.java,org.openrewrite.maven.AbstractRewriteMojo,getRecipeArtifactCoordinatesClassloader,"org.openrewrite.maven.AbstractRewriteMojo{name=getRecipeArtifactCoordinatesClassloader,return=java.net.URLClassLoader,parameters=[]}",4,4,1,30,0,17.46,4,17,0,454.64,13.25,0.11
src/main/java/org/openrewrite/maven/AbstractRewriteRunMojo.java,org.openrewrite.maven.AbstractRewriteRunMojo,execute,"org.openrewrite.maven.AbstractRewriteRunMojo{name=execute,return=void,parameters=[]}",27,47,5,138,0,130.05,16,127,23,4063.67,85.84,1.65
src/main/java/org/openrewrite/maven/AbstractRewriteRunMojo.java,org.openrewrite.maven.AbstractRewriteRunMojo,writeAfter,"org.openrewrite.maven.AbstractRewriteRunMojo{name=writeAfter,return=void,parameters=[java.nio.file.Path,org.openrewrite.Result,org.openrewrite.ExecutionContext]}",14,25,3,54,3,49.49,8,48,9,1415.79,47.41,0.55
src/main/java/org/openrewrite/maven/ArtifactResolver.java,org.openrewrite.maven.ArtifactResolver,ArtifactResolver,"org.openrewrite.maven.ArtifactResolver{name=<constructor>,return=org.openrewrite.maven.ArtifactResolver,parameters=[org.eclipse.aether.RepositorySystem,org.apache.maven.execution.MavenSession]}",1,0,0,6,2,5.0,3,4,0,68.53,3.06,0.01
src/main/java/org/openrewrite/maven/ArtifactResolver.java,org.openrewrite.maven.ArtifactResolver,createArtifact,"org.openrewrite.maven.ArtifactResolver{name=createArtifact,return=org.eclipse.aether.artifact.Artifact,parameters=[java.lang.String]}",2,1,1,9,1,3.32,1,3,1,124.86,4.67,0.02
src/main/java/org/openrewrite/maven/ArtifactResolver.java,org.openrewrite.maven.ArtifactResolver,resolveArtifactsAndDependencies,"org.openrewrite.maven.ArtifactResolver{name=resolveArtifactsAndDependencies,return=java.util.Set<org.eclipse.aether.artifact.Artifact>,parameters=[java.util.Set<org.eclipse.aether.artifact.Artifact>]}",4,3,2,24,1,17.72,5,17,0,451.06,13.68,0.11
src/main/java/org/openrewrite/maven/ConfigurableRewriteMojo.java,org.openrewrite.maven.ConfigurableRewriteMojo,getExclusions,"org.openrewrite.maven.ConfigurableRewriteMojo{name=getExclusions,return=java.util.Set<java.lang.String>,parameters=[]}",1,0,0,4,0,1.0,0,1,0,8.0,1.0,0.0
src/main/java/org/openrewrite/maven/ConfigurableRewriteMojo.java,org.openrewrite.maven.ConfigurableRewriteMojo,getPlainTextMasks,"org.openrewrite.maven.ConfigurableRewriteMojo{name=getPlainTextMasks,return=java.util.Set<java.lang.String>,parameters=[]}",2,1,1,50,0,7.35,2,7,1,401.67,5.6,0.06
src/main/java/org/openrewrite/maven/ConfigurableRewriteMojo.java,org.openrewrite.maven.ConfigurableRewriteMojo,putState,"org.openrewrite.maven.ConfigurableRewriteMojo{name=putState,return=void,parameters=[org.openrewrite.maven.ConfigurableRewriteMojo$State]}",1,0,0,5,1,3.0,0,3,0,24.0,1.5,0.0
src/main/java/org/openrewrite/maven/ConfigurableRewriteMojo.java,org.openrewrite.maven.ConfigurableRewriteMojo,hasState,"org.openrewrite.maven.ConfigurableRewriteMojo{name=hasState,return=boolean,parameters=[org.apache.maven.project.MavenProject]}",1,0,0,5,1,2.24,1,2,0,51.81,1.65,0.01
src/main/java/org/openrewrite/maven/ConfigurableRewriteMojo.java,org.openrewrite.maven.ConfigurableRewriteMojo,allProjectsMarked,"org.openrewrite.maven.ConfigurableRewriteMojo{name=allProjectsMarked,return=boolean,parameters=[]}",1,0,0,4,0,3.0,0,3,0,28.53,2.0,0.0
src/main/java/org/openrewrite/maven/ConfigurableRewriteMojo.java,org.openrewrite.maven.ConfigurableRewriteMojo,getActiveRecipes,"org.openrewrite.maven.ConfigurableRewriteMojo{name=getActiveRecipes,return=java.util.Set<java.lang.String>,parameters=[]}",3,3,2,12,0,2.45,1,1,2,47.55,5.0,0.01
src/main/java/org/openrewrite/maven/ConfigurableRewriteMojo.java,org.openrewrite.maven.ConfigurableRewriteMojo,getActiveStyles,"org.openrewrite.maven.ConfigurableRewriteMojo{name=getActiveStyles,return=java.util.Set<java.lang.String>,parameters=[]}",3,3,2,12,0,2.45,1,1,2,47.55,5.0,0.01
src/main/java/org/openrewrite/maven/ConfigurableRewriteMojo.java,org.openrewrite.maven.ConfigurableRewriteMojo,loadStyles,"org.openrewrite.maven.ConfigurableRewriteMojo{name=loadStyles,return=java.util.List<org.openrewrite.style.NamedStyles>,parameters=[org.apache.maven.project.MavenProject,org.openrewrite.config.Environment]}",10,19,5,37,2,34.45,7,33,7,964.48,30.35,0.32
src/main/java/org/openrewrite/maven/ConfigurableRewriteMojo.java,org.openrewrite.maven.ConfigurableRewriteMojo,toCheckStyleDocument,"org.openrewrite.maven.ConfigurableRewriteMojo{name=toCheckStyleDocument,return=java.lang.String,parameters=[org.codehaus.plexus.util.xml.Xpp3Dom]}",1,0,0,12,1,6.32,2,6,0,102.19,4.91,0.02
src/main/java/org/openrewrite/maven/ConfigurableRewriteMojo.java,org.openrewrite.maven.ConfigurableRewriteMojo,getRecipeArtifactCoordinates,"org.openrewrite.maven.ConfigurableRewriteMojo{name=getRecipeArtifactCoordinates,return=java.util.Set<java.lang.String>,parameters=[]}",3,3,2,12,0,2.45,1,1,2,47.55,5.0,0.01
src/main/java/org/openrewrite/maven/ConfigurableRewriteMojo.java,org.openrewrite.maven.ConfigurableRewriteMojo,getCleanedSet,"org.openrewrite.maven.ConfigurableRewriteMojo{name=getCleanedSet,return=java.util.Set<java.lang.String>,parameters=[java.util.Set<java.lang.String>]}",2,1,1,12,1,9.27,1,9,2,195.0,8.21,0.05
src/main/java/org/openrewrite/maven/MavenLoggingMeterRegistry.java,org.openrewrite.maven.MavenLoggingMeterRegistry,MavenLoggingMeterRegistry,"org.openrewrite.maven.MavenLoggingMeterRegistry{name=<constructor>,return=org.openrewrite.maven.MavenLoggingMeterRegistry,parameters=[org.apache.maven.plugin.logging.Log]}",1,0,0,6,1,1.41,1,1,0,13.93,1.33,0.0
src/main/java/org/openrewrite/maven/MavenLoggingMeterRegistry.java,org.openrewrite.maven.MavenLoggingMeterRegistry,close,"org.openrewrite.maven.MavenLoggingMeterRegistry{name=close,return=void,parameters=[]}",2,2,1,56,0,69.88,11,69,1,1770.29,54.13,0.7
src/main/java/org/openrewrite/maven/MavenLoggingMeterRegistry.java,org.openrewrite.maven.MavenLoggingMeterRegistry,writeMeter,"org.openrewrite.maven.MavenLoggingMeterRegistry{name=writeMeter,return=java.lang.String,parameters=[io.micrometer.core.instrument.Meter,org.openrewrite.maven.MavenLoggingMeterRegistry$Printer]}",7,2,1,22,2,18.03,1,18,0,495.94,14.11,0.12
src/main/java/org/openrewrite/maven/MavenLoggingMeterRegistry.java,org.openrewrite.maven.MavenLoggingMeterRegistry,newTimer,"org.openrewrite.maven.MavenLoggingMeterRegistry{name=newTimer,return=io.micrometer.core.instrument.Timer,parameters=[io.micrometer.core.instrument.Meter$Id,io.micrometer.core.instrument.distribution.DistributionStatisticConfig,io.micrometer.core.instrument.distribution.pause.PauseDetector]}",1,0,0,6,3,2.0,0,2,0,33.22,1.5,0.0
src/main/java/org/openrewrite/maven/MavenLoggingMeterRegistry.java,org.openrewrite.maven.MavenLoggingMeterRegistry,newDistributionSummary,"org.openrewrite.maven.MavenLoggingMeterRegistry{name=newDistributionSummary,return=io.micrometer.core.instrument.DistributionSummary,parameters=[io.micrometer.core.instrument.Meter$Id,io.micrometer.core.instrument.distribution.DistributionStatisticConfig,double]}",1,0,0,6,3,1.0,0,1,0,24.0,1.0,0.0
src/main/java/org/openrewrite/maven/MavenLoggingMeterRegistry.java,org.openrewrite.maven.MavenLoggingMeterRegistry,newCounter,"org.openrewrite.maven.MavenLoggingMeterRegistry{name=newCounter,return=io.micrometer.core.instrument.Counter,parameters=[io.micrometer.core.instrument.Meter$Id]}",1,0,0,6,1,1.0,0,1,0,8.0,1.0,0.0
src/main/java/org/openrewrite/maven/MavenLoggingMeterRegistry.java,org.openrewrite.maven.MavenLoggingMeterRegistry,newGauge,"org.openrewrite.maven.MavenLoggingMeterRegistry{name=newGauge,return=io.micrometer.core.instrument.Gauge,parameters=[io.micrometer.core.instrument.Meter$Id,Generic{T},java.util.function.ToDoubleFunction<Generic{T}>]}",1,0,0,6,3,1.0,0,1,0,15.51,1.0,0.0
src/main/java/org/openrewrite/maven/MavenLoggingMeterRegistry.java,org.openrewrite.maven.MavenLoggingMeterRegistry,newFunctionTimer,"org.openrewrite.maven.MavenLoggingMeterRegistry{name=newFunctionTimer,return=io.micrometer.core.instrument.FunctionTimer,parameters=[io.micrometer.core.instrument.Meter$Id,Generic{T},java.util.function.ToLongFunction<Generic{T}>,java.util.function.ToDoubleFunction<Generic{T}>,java.util.concurrent.TimeUnit]}",1,0,0,6,5,2.0,0,2,0,33.22,1.5,0.0
src/main/java/org/openrewrite/maven/MavenLoggingMeterRegistry.java,org.openrewrite.maven.MavenLoggingMeterRegistry,newFunctionCounter,"org.openrewrite.maven.MavenLoggingMeterRegistry{name=newFunctionCounter,return=io.micrometer.core.instrument.FunctionCounter,parameters=[io.micrometer.core.instrument.Meter$Id,Generic{T},java.util.function.ToDoubleFunction<Generic{T}>]}",1,0,0,6,3,1.0,0,1,0,15.51,1.0,0.0
src/main/java/org/openrewrite/maven/MavenLoggingMeterRegistry.java,org.openrewrite.maven.MavenLoggingMeterRegistry,newLongTaskTimer,"org.openrewrite.maven.MavenLoggingMeterRegistry{name=newLongTaskTimer,return=io.micrometer.core.instrument.LongTaskTimer,parameters=[io.micrometer.core.instrument.Meter$Id,io.micrometer.core.instrument.distribution.DistributionStatisticConfig]}",1,0,0,6,2,2.0,0,2,0,28.53,1.5,0.0
src/main/java/org/openrewrite/maven/MavenLoggingMeterRegistry.java,org.openrewrite.maven.MavenLoggingMeterRegistry,newMeter,"org.openrewrite.maven.MavenLoggingMeterRegistry{name=newMeter,return=io.micrometer.core.instrument.Meter,parameters=[io.micrometer.core.instrument.Meter$Id,io.micrometer.core.instrument.Meter$Type,java.lang.Iterable<io.micrometer.core.instrument.Measurement>]}",1,0,0,6,3,1.0,0,1,0,15.51,1.0,0.0
src/main/java/org/openrewrite/maven/MavenLoggingMeterRegistry.java,org.openrewrite.maven.MavenLoggingMeterRegistry,defaultHistogramConfig,"org.openrewrite.maven.MavenLoggingMeterRegistry{name=defaultHistogramConfig,return=io.micrometer.core.instrument.distribution.DistributionStatisticConfig,parameters=[]}",1,0,0,9,0,5.0,0,5,0,58.6,3.0,0.01
src/main/java/org/openrewrite/maven/MavenLoggingMeterRegistry.java,org.openrewrite.maven.MavenLoggingMeterRegistry$Printer,Printer,"org.openrewrite.maven.MavenLoggingMeterRegistry$Printer{name=<constructor>,return=org.openrewrite.maven.MavenLoggingMeterRegistry$Printer,parameters=[io.micrometer.core.instrument.Meter]}",1,0,0,5,1,1.0,1,0,0,3.0,1.0,0.0
src/main/java/org/openrewrite/maven/MavenLoggingMeterRegistry.java,org.openrewrite.maven.MavenLoggingMeterRegistry$Printer,id,"org.openrewrite.maven.MavenLoggingMeterRegistry$Printer{name=id,return=java.lang.String,parameters=[]}",1,0,0,7,0,10.0,0,10,0,161.67,7.6,0.04
src/main/java/org/openrewrite/maven/MavenLoggingMeterRegistry.java,org.openrewrite.maven.MavenLoggingMeterRegistry$Printer,count,"org.openrewrite.maven.MavenLoggingMeterRegistry$Printer{name=count,return=java.lang.String,parameters=[double]}",1,0,0,5,1,1.0,0,1,0,8.0,1.0,0.0
src/main/java/org/openrewrite/maven/MavenLoggingMeterRegistry.java,org.openrewrite.maven.MavenLoggingMeterRegistry$Printer,unitlessCount,"org.openrewrite.maven.MavenLoggingMeterRegistry$Printer{name=unitlessCount,return=java.lang.String,parameters=[double]}",1,0,0,5,1,1.0,0,1,0,8.0,1.0,0.0
src/main/java/org/openrewrite/maven/MavenLoggingMeterRegistry.java,org.openrewrite.maven.MavenLoggingMeterRegistry$Printer,time,"org.openrewrite.maven.MavenLoggingMeterRegistry$Printer{name=time,return=java.lang.String,parameters=[double]}",1,0,0,5,1,4.0,0,4,0,62.51,3.33,0.01
src/main/java/org/openrewrite/maven/MavenLoggingMeterRegistry.java,org.openrewrite.maven.MavenLoggingMeterRegistry$Printer,value,"org.openrewrite.maven.MavenLoggingMeterRegistry$Printer{name=value,return=java.lang.String,parameters=[double]}",1,0,0,5,1,1.0,0,1,0,8.0,1.0,0.0
src/main/java/org/openrewrite/maven/MavenLoggingMeterRegistry.java,org.openrewrite.maven.MavenLoggingMeterRegistry$Printer,humanReadableByteCount,"org.openrewrite.maven.MavenLoggingMeterRegistry$Printer{name=humanReadableByteCount,return=java.lang.String,parameters=[double]}",3,2,1,13,1,7.68,3,7,1,270.0,11.29,0.07
src/main/java/org/openrewrite/maven/MavenLoggingMeterRegistry.java,org.openrewrite.maven.MavenLoggingMeterRegistry$Printer,humanReadableBaseUnit,"org.openrewrite.maven.MavenLoggingMeterRegistry$Printer{name=humanReadableBaseUnit,return=java.lang.String,parameters=[double]}",3,2,1,9,1,5.2,1,5,1,137.55,6.43,0.03
src/main/java/org/openrewrite/maven/MavenLoggingMeterRegistry.java,org.openrewrite.maven.MavenLoggingMeterRegistry,getBaseTimeUnit,"org.openrewrite.maven.MavenLoggingMeterRegistry{name=getBaseTimeUnit,return=java.util.concurrent.TimeUnit,parameters=[]}",1,0,0,6,0,0.0,0,0,0,4.75,0.5,0.0
src/main/java/org/openrewrite/maven/MavenLoggingResolutionEventListener.java,org.openrewrite.maven.MavenLoggingResolutionEventListener,MavenLoggingResolutionEventListener,"org.openrewrite.maven.MavenLoggingResolutionEventListener{name=<constructor>,return=org.openrewrite.maven.MavenLoggingResolutionEventListener,parameters=[org.apache.maven.plugin.logging.Log]}",1,0,0,4,1,1.0,1,0,0,3.0,1.0,0.0
src/main/java/org/openrewrite/maven/MavenLoggingResolutionEventListener.java,org.openrewrite.maven.MavenLoggingResolutionEventListener,downloadSuccess,"org.openrewrite.maven.MavenLoggingResolutionEventListener{name=downloadSuccess,return=void,parameters=[org.openrewrite.maven.tree.ResolvedGroupArtifactVersion,org.openrewrite.maven.tree.ResolvedPom]}",2,1,1,7,2,3.0,0,3,0,50.19,2.86,0.01
src/main/java/org/openrewrite/maven/MavenLoggingResolutionEventListener.java,org.openrewrite.maven.MavenLoggingResolutionEventListener,downloadError,"org.openrewrite.maven.MavenLoggingResolutionEventListener{name=downloadError,return=void,parameters=[org.openrewrite.maven.tree.GroupArtifactVersion,java.util.List<java.lang.String>,org.openrewrite.maven.tree.Pom]}",1,0,0,7,3,6.08,1,6,0,127.38,4.75,0.02
src/main/java/org/openrewrite/maven/MavenLoggingResolutionEventListener.java,org.openrewrite.maven.MavenLoggingResolutionEventListener,repositoryAccessFailed,"org.openrewrite.maven.MavenLoggingResolutionEventListener{name=repositoryAccessFailed,return=void,parameters=[java.lang.String,java.lang.Throwable]}",1,0,0,6,2,3.0,0,3,0,57.36,2.5,0.01
src/main/java/org/openrewrite/maven/MavenLoggingResolutionEventListener.java,org.openrewrite.maven.MavenLoggingResolutionEventListener,pomContaining,"org.openrewrite.maven.MavenLoggingResolutionEventListener{name=pomContaining,return=java.lang.String,parameters=[org.openrewrite.maven.tree.Pom]}",2,1,0,4,1,1.41,0,1,1,36.54,3.0,0.01
src/main/java/org/openrewrite/maven/MavenLoggingResolutionEventListener.java,org.openrewrite.maven.MavenLoggingResolutionEventListener,pomContaining,"org.openrewrite.maven.MavenLoggingResolutionEventListener{name=pomContaining,return=java.lang.String,parameters=[org.openrewrite.maven.tree.ResolvedPom]}",2,1,0,4,1,1.41,0,1,1,36.54,3.0,0.01
src/main/java/org/openrewrite/maven/MavenMojoProjectParser.java,org.openrewrite.maven.MavenMojoProjectParser,MavenMojoProjectParser,"org.openrewrite.maven.MavenMojoProjectParser{name=<constructor>,return=org.openrewrite.maven.MavenMojoProjectParser,parameters=[org.apache.maven.plugin.logging.Log,java.nio.file.Path,boolean,java.lang.String,org.apache.maven.rtinfo.RuntimeInformation,boolean,java.util.Collection<java.lang.String>,java.util.Collection<java.lang.String>,int,org.apache.maven.execution.MavenSession,org.apache.maven.settings.crypto.SettingsDecrypter,boolean,boolean]}",1,0,0,18,13,14.56,14,4,0,252.01,3.98,0.03
src/main/java/org/openrewrite/maven/MavenMojoProjectParser.java,org.openrewrite.maven.MavenMojoProjectParser,createTypeCache,"org.openrewrite.maven.MavenMojoProjectParser{name=createTypeCache,return=org.openrewrite.java.internal.JavaTypeCache,parameters=[]}",1,0,0,4,0,1.0,0,1,0,4.75,1.0,0.0
src/main/java/org/openrewrite/maven/MavenMojoProjectParser.java,org.openrewrite.maven.MavenMojoProjectParser,listSourceFiles,"org.openrewrite.maven.MavenMojoProjectParser{name=listSourceFiles,return=java.util.stream.Stream<org.openrewrite.SourceFile>,parameters=[org.apache.maven.project.MavenProject,java.util.List<org.openrewrite.style.NamedStyles>,org.openrewrite.ExecutionContext]}",3,3,1,23,3,17.72,5,17,0,508.23,18.1,0.15
src/main/java/org/openrewrite/maven/MavenMojoProjectParser.java,org.openrewrite.maven.MavenMojoProjectParser,listSourceFiles,"org.openrewrite.maven.MavenMojoProjectParser{name=listSourceFiles,return=java.util.stream.Stream<org.openrewrite.SourceFile>,parameters=[org.apache.maven.project.MavenProject,org.openrewrite.xml.tree.Xml$Document,java.util.List<org.openrewrite.marker.Marker>,java.util.List<org.openrewrite.style.NamedStyles>,org.openrewrite.ExecutionContext]}",1,0,0,5,5,2.0,0,2,0,48.11,1.5,0.01
src/main/java/org/openrewrite/maven/MavenMojoProjectParser.java,org.openrewrite.maven.MavenMojoProjectParser,listSourceFiles,"org.openrewrite.maven.MavenMojoProjectParser{name=listSourceFiles,return=java.util.stream.Stream<org.openrewrite.SourceFile>,parameters=[org.apache.maven.project.MavenProject,org.openrewrite.xml.tree.Xml$Document,java.util.List<org.openrewrite.marker.Marker>,java.util.List<org.openrewrite.maven.MavenMojoProjectParser$MavenScope>,java.util.List<org.openrewrite.style.NamedStyles>,org.openrewrite.ExecutionContext]}",5,5,1,54,6,67.48,14,66,1,1810.14,51.6,0.69
src/main/java/org/openrewrite/maven/MavenMojoProjectParser.java,org.openrewrite.maven.MavenMojoProjectParser,isExcluded,"org.openrewrite.maven.MavenMojoProjectParser{name=isExcluded,return=boolean,parameters=[org.openrewrite.jgit.lib.Repository,java.util.Collection<java.nio.file.PathMatcher>,java.nio.file.Path]}",8,11,3,23,3,8.6,1,8,3,299.86,11.14,0.07
src/main/java/org/openrewrite/maven/MavenMojoProjectParser.java,org.openrewrite.maven.MavenMojoProjectParser,getCharset,"org.openrewrite.maven.MavenMojoProjectParser{name=getCharset,return=java.util.Optional<java.nio.charset.Charset>,parameters=[org.apache.maven.project.MavenProject]}",9,12,3,27,1,23.85,7,22,6,700.03,26.06,0.23
src/main/java/org/openrewrite/maven/MavenMojoProjectParser.java,org.openrewrite.maven.MavenMojoProjectParser,resolveProperty,"org.openrewrite.maven.MavenMojoProjectParser{name=resolveProperty,return=java.lang.String,parameters=[java.lang.String,org.apache.maven.project.MavenProject]}",6,5,2,12,2,8.49,2,8,2,252.66,13.18,0.07
src/main/java/org/openrewrite/maven/MavenMojoProjectParser.java,org.openrewrite.maven.MavenMojoProjectParser,getRepository,"org.openrewrite.maven.MavenMojoProjectParser{name=getRepository,return=org.openrewrite.jgit.lib.Repository,parameters=[java.nio.file.Path]}",2,1,1,9,1,1.0,0,1,0,31.7,2.0,0.01
src/main/java/org/openrewrite/maven/MavenMojoProjectParser.java,org.openrewrite.maven.MavenMojoProjectParser,logParseErrors,"org.openrewrite.maven.MavenMojoProjectParser{name=logParseErrors,return=org.openrewrite.SourceFile,parameters=[org.openrewrite.SourceFile]}",4,7,1,14,1,13.0,0,13,0,268.84,10.18,0.07
src/main/java/org/openrewrite/maven/MavenMojoProjectParser.java,org.openrewrite.maven.MavenMojoProjectParser,generateProvenance,"org.openrewrite.maven.MavenMojoProjectParser{name=generateProvenance,return=java.util.List<org.openrewrite.marker.Marker>,parameters=[org.apache.maven.project.MavenProject]}",1,0,0,16,1,14.04,1,14,0,248.41,8.96,0.06
src/main/java/org/openrewrite/maven/MavenMojoProjectParser.java,org.openrewrite.maven.MavenMojoProjectParser,getSrcMainJavaVersion,"org.openrewrite.maven.MavenMojoProjectParser{name=getSrcMainJavaVersion,return=org.openrewrite.java.marker.JavaVersion,parameters=[org.apache.maven.project.MavenProject]}",19,23,2,43,1,36.89,18,29,14,1151.31,37.58,0.41
src/main/java/org/openrewrite/maven/MavenMojoProjectParser.java,org.openrewrite.maven.MavenMojoProjectParser,getSrcTestJavaVersion,"org.openrewrite.maven.MavenMojoProjectParser{name=getSrcTestJavaVersion,return=org.openrewrite.java.marker.JavaVersion,parameters=[org.apache.maven.project.MavenProject]}",25,32,2,53,1,43.19,21,32,20,1452.82,47.05,0.56
src/main/java/org/openrewrite/maven/MavenMojoProjectParser.java,org.openrewrite.maven.MavenMojoProjectParser,getJavaVersionMarker,"org.openrewrite.maven.MavenMojoProjectParser{name=getJavaVersionMarker,return=org.openrewrite.java.marker.JavaVersion,parameters=[java.lang.String,java.lang.String]}",3,2,1,12,2,6.0,4,4,2,148.68,7.0,0.03
src/main/java/org/openrewrite/maven/MavenMojoProjectParser.java,org.openrewrite.maven.MavenMojoProjectParser,processMainSources,"org.openrewrite.maven.MavenMojoProjectParser{name=processMainSources,return=java.util.stream.Stream<org.openrewrite.SourceFile>,parameters=[org.apache.maven.project.MavenProject,org.openrewrite.java.JavaParser$Builder<Generic{? extends org.openrewrite.java.JavaParser}, Generic{?}>,org.openrewrite.kotlin.KotlinParser$Builder,org.openrewrite.groovy.GroovyParser$Builder,java.util.Set<java.nio.file.Path>,org.openrewrite.ExecutionContext]}",10,10,2,93,6,101.38,21,99,6,3200.54,85.96,1.41
src/main/java/org/openrewrite/maven/MavenMojoProjectParser.java,org.openrewrite.maven.MavenMojoProjectParser,processTestSources,"org.openrewrite.maven.MavenMojoProjectParser{name=processTestSources,return=java.util.stream.Stream<org.openrewrite.SourceFile>,parameters=[org.apache.maven.project.MavenProject,org.openrewrite.java.JavaParser$Builder<Generic{? extends org.openrewrite.java.JavaParser}, Generic{?}>,org.openrewrite.kotlin.KotlinParser$Builder,org.openrewrite.groovy.GroovyParser$Builder,java.util.Set<java.nio.file.Path>,org.openrewrite.ExecutionContext]}",7,7,2,81,6,88.01,18,86,5,2725.04,75.22,1.16
src/main/java/org/openrewrite/maven/MavenMojoProjectParser.java,org.openrewrite.maven.MavenMojoProjectParser,parseMaven,"org.openrewrite.maven.MavenMojoProjectParser{name=parseMaven,return=org.openrewrite.xml.tree.Xml$Document,parameters=[org.apache.maven.project.MavenProject,java.util.List<org.openrewrite.marker.Marker>,org.openrewrite.ExecutionContext]}",1,0,0,4,3,4.0,0,4,0,50.19,3.21,0.01
src/main/java/org/openrewrite/maven/MavenMojoProjectParser.java,org.openrewrite.maven.MavenMojoProjectParser,parseMaven,"org.openrewrite.maven.MavenMojoProjectParser{name=parseMaven,return=java.util.Map<org.apache.maven.project.MavenProject, org.openrewrite.xml.tree.Xml$Document>,parameters=[java.util.List<org.apache.maven.project.MavenProject>,java.util.Map<org.apache.maven.project.MavenProject, java.util.List<org.openrewrite.marker.Marker>>,org.openrewrite.ExecutionContext]}",16,28,3,95,3,85.53,16,84,2,3023.39,70.67,1.19
src/main/java/org/openrewrite/maven/MavenMojoProjectParser.java,org.openrewrite.maven.MavenMojoProjectParser,collectPoms,"org.openrewrite.maven.MavenMojoProjectParser{name=collectPoms,return=void,parameters=[org.apache.maven.project.MavenProject,java.util.Set<java.nio.file.Path>,org.openrewrite.maven.MavenExecutionContextView]}",8,11,3,35,3,18.71,5,17,6,471.46,24.18,0.17
src/main/java/org/openrewrite/maven/MavenMojoProjectParser.java,org.openrewrite.maven.MavenMojoProjectParser,pomPath,"org.openrewrite.maven.MavenMojoProjectParser{name=pomPath,return=java.nio.file.Path,parameters=[org.apache.maven.project.MavenProject]}",7,5,2,15,1,11.18,2,11,0,245.18,10.35,0.06
src/main/java/org/openrewrite/maven/MavenMojoProjectParser.java,org.openrewrite.maven.MavenMojoProjectParser,getPomCache,"org.openrewrite.maven.MavenMojoProjectParser{name=getPomCache,return=org.openrewrite.maven.cache.MavenPomCache,parameters=[java.lang.String,org.apache.maven.plugin.logging.Log]}",3,2,1,10,2,4.12,2,3,2,81.41,5.14,0.02
src/main/java/org/openrewrite/maven/MavenMojoProjectParser.java,org.openrewrite.maven.MavenMojoProjectParser,buildSettings,"org.openrewrite.maven.MavenMojoProjectParser{name=buildSettings,return=org.openrewrite.maven.MavenSettings,parameters=[]}",6,12,2,75,0,89.01,13,88,3,2217.21,64.36,0.91
src/main/java/org/openrewrite/maven/MavenMojoProjectParser.java,org.openrewrite.maven.MavenMojoProjectParser,configureProxy,"org.openrewrite.maven.MavenMojoProjectParser{name=configureProxy,return=void,parameters=[org.openrewrite.maven.MavenSettings,org.openrewrite.ExecutionContext]}",12,16,2,59,2,57.28,8,56,9,1623.87,41.17,0.55
src/main/java/org/openrewrite/maven/MavenMojoProjectParser.java,org.openrewrite.maven.MavenMojoProjectParser,buildRawRepositories,"org.openrewrite.maven.MavenMojoProjectParser{name=buildRawRepositories,return=org.openrewrite.maven.internal.RawRepositories,parameters=[java.util.List<org.apache.maven.model.Repository>]}",4,5,1,16,1,19.34,2,19,3,398.84,19.43,0.13
src/main/java/org/openrewrite/maven/MavenMojoProjectParser.java,org.openrewrite.maven.MavenMojoProjectParser,pathsToOtherMavenProjects,"org.openrewrite.maven.MavenMojoProjectParser{name=pathsToOtherMavenProjects,return=java.util.Set<java.nio.file.Path>,parameters=[org.apache.maven.project.MavenProject]}",1,0,0,10,1,8.06,0,8,1,115.95,7.0,0.03
src/main/java/org/openrewrite/maven/MavenMojoProjectParser.java,org.openrewrite.maven.MavenMojoProjectParser,addProvenance,"org.openrewrite.maven.MavenMojoProjectParser{name=addProvenance,return=java.util.function.UnaryOperator<Generic{T extends org.openrewrite.SourceFile}>,parameters=[java.util.List<org.openrewrite.marker.Marker>]}",2,2,1,10,1,3.61,2,3,0,92.0,5.83,0.02
src/main/java/org/openrewrite/maven/MavenMojoProjectParser.java,org.openrewrite.maven.MavenMojoProjectParser,addGitTreeEntryInformation,"org.openrewrite.maven.MavenMojoProjectParser{name=addGitTreeEntryInformation,return=java.util.function.UnaryOperator<Generic{T extends org.openrewrite.SourceFile}>,parameters=[]}",5,8,3,30,0,20.2,2,20,2,529.92,19.5,0.16
src/main/java/org/openrewrite/maven/MavenMojoProjectParser.java,org.openrewrite.maven.MavenMojoProjectParser,listJavaSources,"org.openrewrite.maven.MavenMojoProjectParser{name=listJavaSources,return=java.util.Collection<java.nio.file.Path>,parameters=[org.apache.maven.project.MavenProject,java.util.List<java.lang.String>]}",2,1,1,8,2,6.08,1,6,0,111.49,4.86,0.02
src/main/java/org/openrewrite/maven/MavenMojoProjectParser.java,org.openrewrite.maven.MavenMojoProjectParser,listKotlinSources,"org.openrewrite.maven.MavenMojoProjectParser{name=listKotlinSources,return=java.util.List<java.nio.file.Path>,parameters=[org.apache.maven.project.MavenProject,java.lang.String,java.lang.String]}",6,8,3,23,3,20.15,6,19,3,540.08,19.74,0.16
src/main/java/org/openrewrite/maven/MavenMojoProjectParser.java,org.openrewrite.maven.MavenMojoProjectParser,listGroovySources,"org.openrewrite.maven.MavenMojoProjectParser{name=listGroovySources,return=java.util.List<java.nio.file.Path>,parameters=[org.apache.maven.project.MavenProject,java.util.List<java.lang.String>]}",5,7,3,20,2,14.56,4,14,0,333.4,12.0,0.08
src/main/java/org/openrewrite/maven/MavenMojoProjectParser.java,org.openrewrite.maven.MavenMojoProjectParser,listSources,"org.openrewrite.maven.MavenMojoProjectParser{name=listSources,return=java.util.List<java.nio.file.Path>,parameters=[java.nio.file.Path,java.lang.String]}",4,3,2,21,2,9.11,1,9,1,290.7,10.08,0.07
src/main/java/org/openrewrite/maven/MavenMojoProjectParser.java,org.openrewrite.maven.MavenMojoProjectParser,parseMavenWrapperFiles,"org.openrewrite.maven.MavenMojoProjectParser{name=parseMavenWrapperFiles,return=java.util.stream.Stream<org.openrewrite.SourceFile>,parameters=[org.apache.maven.project.MavenProject,java.util.Collection<java.nio.file.PathMatcher>,java.util.Set<java.nio.file.Path>,org.openrewrite.ExecutionContext]}",2,1,1,21,4,14.7,4,14,2,439.38,12.53,0.1
src/main/java/org/openrewrite/maven/MavenMojoProjectParser.java,org.openrewrite.maven.MavenMojoProjectParser,parseNonProjectResources,"org.openrewrite.maven.MavenMojoProjectParser{name=parseNonProjectResources,return=java.util.stream.Stream<org.openrewrite.SourceFile>,parameters=[org.apache.maven.project.MavenProject,java.util.Set<java.nio.file.Path>,org.openrewrite.ExecutionContext]}",2,1,1,10,3,6.4,2,6,1,148.6,6.19,0.03
src/main/java/org/openrewrite/maven/MavenMojoProjectParser.java,org.openrewrite.maven.MavenMojoProjectParser,omniParser,"org.openrewrite.maven.MavenMojoProjectParser{name=omniParser,return=org.openrewrite.polyglot.OmniParser,parameters=[java.util.Set<java.nio.file.Path>,org.apache.maven.project.MavenProject]}",1,0,0,14,2,13.0,0,13,0,171.82,7.67,0.04
src/main/java/org/openrewrite/maven/MavenMojoProjectParser.java,org.openrewrite.maven.MavenMojoProjectParser,mergeExclusions,"org.openrewrite.maven.MavenMojoProjectParser{name=mergeExclusions,return=java.util.Collection<java.lang.String>,parameters=[org.apache.maven.project.MavenProject]}",1,0,0,10,1,14.07,1,14,1,229.22,9.9,0.06
src/main/java/org/openrewrite/maven/MavenMojoProjectParser.java,org.openrewrite.maven.MavenMojoProjectParser,pathMatchers,"org.openrewrite.maven.MavenMojoProjectParser{name=pathMatchers,return=java.util.Collection<java.nio.file.PathMatcher>,parameters=[java.nio.file.Path,java.util.Collection<java.lang.String>]}",1,0,0,6,2,6.0,0,6,0,84.96,4.95,0.02
src/main/java/org/openrewrite/maven/MavenMojoProjectParser.java,org.openrewrite.maven.MavenMojoProjectParser,gitProvenance,"org.openrewrite.maven.MavenMojoProjectParser{name=gitProvenance,return=org.openrewrite.marker.GitProvenance,parameters=[java.nio.file.Path,org.openrewrite.marker.ci.BuildEnvironment]}",2,1,1,11,2,3.0,0,3,0,99.4,4.04,0.02
src/main/java/org/openrewrite/maven/MavenMojoProjectParser.java,org.openrewrite.maven.MavenMojoProjectParser,logError,"org.openrewrite.maven.MavenMojoProjectParser{name=logError,return=void,parameters=[org.apache.maven.project.MavenProject,java.lang.String]}",1,0,0,4,2,2.0,0,2,0,39.86,1.5,0.01
src/main/java/org/openrewrite/maven/MavenMojoProjectParser.java,org.openrewrite.maven.MavenMojoProjectParser,logInfo,"org.openrewrite.maven.MavenMojoProjectParser{name=logInfo,return=void,parameters=[org.apache.maven.project.MavenProject,java.lang.String]}",1,0,0,4,2,2.0,0,2,0,39.86,1.5,0.01
src/main/java/org/openrewrite/maven/MavenMojoProjectParser.java,org.openrewrite.maven.MavenMojoProjectParser,logDebug,"org.openrewrite.maven.MavenMojoProjectParser{name=logDebug,return=void,parameters=[org.apache.maven.project.MavenProject,java.lang.String]}",1,0,0,4,2,2.0,0,2,0,39.86,1.5,0.01
src/main/java/org/openrewrite/maven/MavenMojoProjectParser.java,org.openrewrite.maven.MavenMojoProjectParser,sneakyThrow,"org.openrewrite.maven.MavenMojoProjectParser{name=sneakyThrow,return=Generic{E extends java.lang.Throwable},parameters=[java.lang.Throwable]}",1,0,0,5,1,0.0,0,0,0,8.0,1.0,0.0
src/main/java/org/openrewrite/maven/MavenMojoProjectParser.java,org.openrewrite.maven.MavenMojoProjectParser,createResolvedGAV,"org.openrewrite.maven.MavenMojoProjectParser{name=createResolvedGAV,return=org.openrewrite.maven.tree.ResolvedGroupArtifactVersion,parameters=[org.apache.maven.project.MavenProject,org.openrewrite.maven.MavenExecutionContextView]}",2,1,0,10,2,9.0,0,9,0,121.01,6.95,0.03
src/main/java/org/openrewrite/maven/MavenMojoProjectParser.java,org.openrewrite.maven.MavenMojoProjectParser,createPom,"org.openrewrite.maven.MavenMojoProjectParser{name=createPom,return=org.openrewrite.maven.tree.Pom,parameters=[org.apache.maven.project.MavenProject]}",2,1,1,10,1,7.28,2,7,0,151.3,6.6,0.03
src/main/java/org/openrewrite/maven/MavenPomCacheBuilder.java,org.openrewrite.maven.MavenPomCacheBuilder,MavenPomCacheBuilder,"org.openrewrite.maven.MavenPomCacheBuilder{name=<constructor>,return=org.openrewrite.maven.MavenPomCacheBuilder,parameters=[org.apache.maven.plugin.logging.Log]}",1,0,0,4,1,1.0,1,0,0,3.0,1.0,0.0
src/main/java/org/openrewrite/maven/MavenPomCacheBuilder.java,org.openrewrite.maven.MavenPomCacheBuilder,build,"org.openrewrite.maven.MavenPomCacheBuilder{name=build,return=org.openrewrite.maven.cache.MavenPomCache,parameters=[java.lang.String]}",4,6,3,25,1,13.04,0,13,1,250.25,9.67,0.06
src/main/java/org/openrewrite/maven/MavenPomCacheBuilder.java,org.openrewrite.maven.MavenPomCacheBuilder,isJvm64Bit,"org.openrewrite.maven.MavenPomCacheBuilder{name=isJvm64Bit,return=boolean,parameters=[]}",1,0,0,6,0,2.24,0,2,1,33.22,2.0,0.01
src/main/java/org/openrewrite/maven/MeterRegistryProvider.java,org.openrewrite.maven.MeterRegistryProvider,MeterRegistryProvider,"org.openrewrite.maven.MeterRegistryProvider{name=<constructor>,return=org.openrewrite.maven.MeterRegistryProvider,parameters=[org.apache.maven.plugin.logging.Log,java.lang.String]}",1,0,0,6,2,2.0,2,0,0,9.51,1.0,0.0
src/main/java/org/openrewrite/maven/MeterRegistryProvider.java,org.openrewrite.maven.MeterRegistryProvider,registry,"org.openrewrite.maven.MeterRegistryProvider{name=registry,return=io.micrometer.core.instrument.MeterRegistry,parameters=[]}",2,1,1,8,0,1.73,1,1,1,30.0,4.17,0.01
src/main/java/org/openrewrite/maven/MeterRegistryProvider.java,org.openrewrite.maven.MeterRegistryProvider,buildRegistry,"org.openrewrite.maven.MeterRegistryProvider{name=buildRegistry,return=io.micrometer.core.instrument.MeterRegistry,parameters=[]}",2,1,1,9,0,3.0,0,3,0,39.86,2.0,0.01
src/main/java/org/openrewrite/maven/MeterRegistryProvider.java,org.openrewrite.maven.MeterRegistryProvider,close,"org.openrewrite.maven.MeterRegistryProvider{name=close,return=void,parameters=[]}",2,1,1,8,0,1.41,0,1,1,18.09,2.0,0.0
src/main/java/org/openrewrite/maven/RecipeCsvGenerateMojo.java,org.openrewrite.maven.RecipeCsvGenerateMojo,execute,"org.openrewrite.maven.RecipeCsvGenerateMojo{name=execute,return=void,parameters=[]}",12,13,3,81,0,54.64,16,52,5,1707.86,42.73,0.58
src/main/java/org/openrewrite/maven/RewriteDiscoverMojo.java,org.openrewrite.maven.RewriteDiscoverMojo,execute,"org.openrewrite.maven.RewriteDiscoverMojo{name=execute,return=void,parameters=[]}",3,4,1,18,0,11.22,5,10,1,276.98,11.82,0.07
src/main/java/org/openrewrite/maven/RewriteDiscoverMojo.java,org.openrewrite.maven.RewriteDiscoverMojo,getRecipeDescriptor,"org.openrewrite.maven.RewriteDiscoverMojo{name=getRecipeDescriptor,return=org.openrewrite.config.RecipeDescriptor,parameters=[java.lang.String,java.util.Collection<org.openrewrite.config.RecipeDescriptor>]}",1,0,0,7,2,8.0,0,8,0,117.61,5.77,0.03
src/main/java/org/openrewrite/maven/RewriteDiscoverMojo.java,org.openrewrite.maven.RewriteDiscoverMojo,writeDiscovery,"org.openrewrite.maven.RewriteDiscoverMojo{name=writeDiscovery,return=void,parameters=[java.util.Collection<org.openrewrite.config.RecipeDescriptor>,java.util.Collection<org.openrewrite.config.RecipeDescriptor>,java.util.Collection<org.openrewrite.style.NamedStyles>]}",5,4,1,37,3,44.18,4,44,0,1015.36,16.64,0.22
src/main/java/org/openrewrite/maven/RewriteDiscoverMojo.java,org.openrewrite.maven.RewriteDiscoverMojo,writeRecipeDescriptor,"org.openrewrite.maven.RewriteDiscoverMojo{name=writeRecipeDescriptor,return=void,parameters=[org.openrewrite.config.RecipeDescriptor,boolean,int,int]}",14,32,5,39,4,40.8,1,40,8,1031.03,32.48,0.35
src/main/java/org/openrewrite/maven/RewriteTypeTableMojo.java,org.openrewrite.maven.RewriteTypeTableMojo,execute,"org.openrewrite.maven.RewriteTypeTableMojo{name=execute,return=void,parameters=[]}",6,6,3,26,0,28.35,4,28,2,681.02,23.77,0.21
src/main/java/org/openrewrite/maven/RewriteTypeTableMojo.java,org.openrewrite.maven.RewriteTypeTableMojo,resolveArtifacts,"org.openrewrite.maven.RewriteTypeTableMojo{name=resolveArtifacts,return=java.util.Set<org.eclipse.aether.artifact.Artifact>,parameters=[java.lang.String]}",1,0,0,6,1,4.47,2,4,0,74.23,3.5,0.01
src/main/java/org/openrewrite/maven/SanitizedMarkerPrinter.java,org.openrewrite.maven.SanitizedMarkerPrinter,beforeSyntax,"org.openrewrite.maven.SanitizedMarkerPrinter{name=beforeSyntax,return=java.lang.String,parameters=[org.openrewrite.marker.Marker,org.openrewrite.Cursor,java.util.function.UnaryOperator<java.lang.String>]}",2,1,1,7,3,1.0,0,1,0,44.97,2.29,0.01
src/main/java/org/openrewrite/maven/SanitizedMarkerPrinter.java,org.openrewrite.maven.SanitizedMarkerPrinter,afterSyntax,"org.openrewrite.maven.SanitizedMarkerPrinter{name=afterSyntax,return=java.lang.String,parameters=[org.openrewrite.marker.Marker,org.openrewrite.Cursor,java.util.function.UnaryOperator<java.lang.String>]}",2,1,1,8,3,1.0,0,1,0,44.97,2.29,0.01
src/test/java/org/openrewrite/maven/AbstractRewriteMojoTest.java,org.openrewrite.maven.AbstractRewriteMojoTest,configLocation,"org.openrewrite.maven.AbstractRewriteMojoTest{name=configLocation,return=void,parameters=[java.lang.String,java.nio.file.Path]}",2,1,1,26,2,14.59,4,14,1,296.58,10.0,0.07
src/test/java/org/openrewrite/maven/BasicIT.java,org.openrewrite.maven.BasicIT,groupid_artifactid_should_be_ok,"org.openrewrite.maven.BasicIT{name=groupid_artifactid_should_be_ok,return=void,parameters=[com.soebes.itf.jupiter.maven.MavenExecutionResult]}",1,0,0,11,1,5.0,0,5,0,43.02,2.5,0.01
src/test/java/org/openrewrite/maven/BasicIT.java,org.openrewrite.maven.BasicIT,null_check_profile_activation,"org.openrewrite.maven.BasicIT{name=null_check_profile_activation,return=void,parameters=[com.soebes.itf.jupiter.maven.MavenExecutionResult]}",1,0,0,20,1,14.04,0,14,1,183.32,9.43,0.05
src/test/java/org/openrewrite/maven/BasicIT.java,org.openrewrite.maven.BasicIT,resolves_maven_properties_from_user_provided_system_properties,"org.openrewrite.maven.BasicIT{name=resolves_maven_properties_from_user_provided_system_properties,return=void,parameters=[com.soebes.itf.jupiter.maven.MavenExecutionResult]}",1,0,0,12,1,10.0,0,10,0,118.54,5.95,0.03
src/test/java/org/openrewrite/maven/BasicIT.java,org.openrewrite.maven.BasicIT,resolves_settings,"org.openrewrite.maven.BasicIT{name=resolves_settings,return=void,parameters=[com.soebes.itf.jupiter.maven.MavenExecutionResult]}",1,0,0,13,1,7.0,0,7,0,76.0,4.28,0.02
src/test/java/org/openrewrite/maven/BasicIT.java,org.openrewrite.maven.BasicIT,snapshot_ok,"org.openrewrite.maven.BasicIT{name=snapshot_ok,return=void,parameters=[com.soebes.itf.jupiter.maven.MavenExecutionResult]}",1,0,0,12,1,9.0,0,9,0,84.0,4.67,0.02
src/test/java/org/openrewrite/maven/DiscoverNoActiveRecipeIT.java,org.openrewrite.maven.DiscoverNoActiveRecipeIT,single_project,"org.openrewrite.maven.DiscoverNoActiveRecipeIT{name=single_project,return=void,parameters=[com.soebes.itf.jupiter.maven.MavenExecutionResult]}",1,0,0,9,1,7.0,0,7,0,76.0,4.28,0.02
src/test/java/org/openrewrite/maven/KotlinIT.java,org.openrewrite.maven.KotlinIT,kotlin_in_src_main_java,"org.openrewrite.maven.KotlinIT{name=kotlin_in_src_main_java,return=void,parameters=[com.soebes.itf.jupiter.maven.MavenExecutionResult]}",1,0,0,9,1,10.0,0,10,0,118.54,5.95,0.03
src/test/java/org/openrewrite/maven/KotlinIT.java,org.openrewrite.maven.KotlinIT,kotlin_in_src_main_test,"org.openrewrite.maven.KotlinIT{name=kotlin_in_src_main_test,return=void,parameters=[com.soebes.itf.jupiter.maven.MavenExecutionResult]}",1,0,0,10,1,10.0,0,10,0,118.54,5.95,0.03
src/test/java/org/openrewrite/maven/MavenMojoProjectParserIsExcludedTest.java,org.openrewrite.maven.MavenMojoProjectParserIsExcludedTest,untrackedGitIgnoredFileIsExcluded,"org.openrewrite.maven.MavenMojoProjectParserIsExcludedTest{name=untrackedGitIgnoredFileIsExcluded,return=void,parameters=[java.nio.file.Path]}",1,0,1,17,1,17.03,1,17,0,291.19,10.0,0.07
src/test/java/org/openrewrite/maven/MavenMojoProjectParserIsExcludedTest.java,org.openrewrite.maven.MavenMojoProjectParserIsExcludedTest,trackedGitIgnoredFileIsNotExcluded,"org.openrewrite.maven.MavenMojoProjectParserIsExcludedTest{name=trackedGitIgnoredFileIsNotExcluded,return=void,parameters=[java.nio.file.Path]}",1,0,1,19,1,23.02,1,23,0,379.84,12.32,0.09
src/test/java/org/openrewrite/maven/MavenMojoProjectParserIsExcludedTest.java,org.openrewrite.maven.MavenMojoProjectParserIsExcludedTest,untrackedFileInGitIgnoredDirectoryIsExcluded,"org.openrewrite.maven.MavenMojoProjectParserIsExcludedTest{name=untrackedFileInGitIgnoredDirectoryIsExcluded,return=void,parameters=[java.nio.file.Path]}",1,0,1,17,1,17.03,1,17,0,291.19,10.0,0.07
src/test/java/org/openrewrite/maven/MavenMojoProjectParserIsExcludedTest.java,org.openrewrite.maven.MavenMojoProjectParserIsExcludedTest,trackedFileInGitIgnoredDirectoryIsNotExcluded,"org.openrewrite.maven.MavenMojoProjectParserIsExcludedTest{name=trackedFileInGitIgnoredDirectoryIsNotExcluded,return=void,parameters=[java.nio.file.Path]}",1,0,1,19,1,23.02,1,23,0,379.84,12.32,0.09
src/test/java/org/openrewrite/maven/MavenMojoProjectParserIsExcludedTest.java,org.openrewrite.maven.MavenMojoProjectParserIsExcludedTest,exclusionMatcherMatchesDirectly,"org.openrewrite.maven.MavenMojoProjectParserIsExcludedTest{name=exclusionMatcherMatchesDirectly,return=void,parameters=[]}",1,0,0,10,0,8.06,1,8,0,133.14,4.21,0.02
src/test/java/org/openrewrite/maven/MavenMojoProjectParserIsExcludedTest.java,org.openrewrite.maven.MavenMojoProjectParserIsExcludedTest,exclusionMatcherDoesNotMatchUnrelatedPath,"org.openrewrite.maven.MavenMojoProjectParserIsExcludedTest{name=exclusionMatcherDoesNotMatchUnrelatedPath,return=void,parameters=[]}",1,0,0,10,0,8.06,1,8,0,133.14,4.21,0.02
src/test/java/org/openrewrite/maven/MavenMojoProjectParserIsExcludedTest.java,org.openrewrite.maven.MavenMojoProjectParserIsExcludedTest,exclusionMatcherMatchesRootFileViaPrefixedSlash,"org.openrewrite.maven.MavenMojoProjectParserIsExcludedTest{name=exclusionMatcherMatchesRootFileViaPrefixedSlash,return=void,parameters=[]}",1,0,0,12,0,8.06,1,8,0,133.14,4.21,0.02
src/test/java/org/openrewrite/maven/MavenMojoProjectParserIsExcludedTest.java,org.openrewrite.maven.MavenMojoProjectParserIsExcludedTest,exclusionMatcherMatchesRootFileWithLeadingSlash,"org.openrewrite.maven.MavenMojoProjectParserIsExcludedTest{name=exclusionMatcherMatchesRootFileWithLeadingSlash,return=void,parameters=[]}",1,0,0,12,0,8.06,1,8,0,133.14,4.21,0.02
src/test/java/org/openrewrite/maven/MavenMojoProjectParserIsExcludedTest.java,org.openrewrite.maven.MavenMojoProjectParserIsExcludedTest,exclusionMatcherMatchesSubdirFileWithoutPrefixing,"org.openrewrite.maven.MavenMojoProjectParserIsExcludedTest{name=exclusionMatcherMatchesSubdirFileWithoutPrefixing,return=void,parameters=[]}",1,0,0,11,0,8.06,1,8,0,133.14,4.21,0.02
src/test/java/org/openrewrite/maven/MavenMojoProjectParserIsExcludedTest.java,org.openrewrite.maven.MavenMojoProjectParserIsExcludedTest,writeFile,"org.openrewrite.maven.MavenMojoProjectParserIsExcludedTest{name=writeFile,return=void,parameters=[java.nio.file.Path,java.lang.String]}",1,0,0,5,2,4.0,0,4,0,55.51,2.44,0.01
src/test/java/org/openrewrite/maven/MavenMojoProjectParserTest.java,org.openrewrite.maven.MavenMojoProjectParserTest,givenNoJavaVersionInformationExistsInMavenThenJavaSpecificationVersionShouldBeUsed,"org.openrewrite.maven.MavenMojoProjectParserTest{name=givenNoJavaVersionInformationExistsInMavenThenJavaSpecificationVersionShouldBeUsed,return=void,parameters=[]}",1,0,0,7,0,10.05,1,10,0,123.19,5.54,0.03
src/test/java/org/openrewrite/maven/MavenMojoProjectParserTest.java,org.openrewrite.maven.MavenMojoProjectParserTest,getCharsetShouldResolveEncodingFromPropertyPlaceholder,"org.openrewrite.maven.MavenMojoProjectParserTest{name=getCharsetShouldResolveEncodingFromPropertyPlaceholder,return=void,parameters=[]}",1,0,0,27,0,21.84,6,21,0,448.12,13.26,0.11
src/test/java/org/openrewrite/maven/MavenMojoProjectParserTest.java,org.openrewrite.maven.MavenMojoProjectParserTest,getCharsetShouldReturnEmptyWhenPropertyPlaceholderIsUnresolved,"org.openrewrite.maven.MavenMojoProjectParserTest{name=getCharsetShouldReturnEmptyWhenPropertyPlaceholderIsUnresolved,return=void,parameters=[]}",1,0,0,29,0,18.97,6,18,0,387.62,12.13,0.09
src/test/java/org/openrewrite/maven/MavenMojoProjectParserTest.java,org.openrewrite.maven.MavenMojoProjectParserTest,getCharsetShouldNotThrowWhenSourceEncodingIsPropertyPlaceholder,"org.openrewrite.maven.MavenMojoProjectParserTest{name=getCharsetShouldNotThrowWhenSourceEncodingIsPropertyPlaceholder,return=void,parameters=[]}",1,0,0,16,0,11.18,2,11,0,175.93,7.35,0.04
src/test/java/org/openrewrite/maven/MavenMojoProjectParserTest.java,org.openrewrite.maven.MavenMojoProjectParserTest,getCharsetShouldReturnCharsetWhenEncodingIsValid,"org.openrewrite.maven.MavenMojoProjectParserTest{name=getCharsetShouldReturnCharsetWhenEncodingIsValid,return=void,parameters=[]}",1,0,0,25,0,19.92,6,19,0,395.41,11.97,0.09
src/test/java/org/openrewrite/maven/RecipeCsvGenerateIT.java,org.openrewrite.maven.RecipeCsvGenerateIT,generates_csv_from_yaml_recipe,"org.openrewrite.maven.RecipeCsvGenerateIT{name=generates_csv_from_yaml_recipe,return=void,parameters=[com.soebes.itf.jupiter.maven.MavenExecutionResult]}",1,0,0,10,1,10.0,0,10,0,118.59,6.0,0.03
src/test/java/org/openrewrite/maven/RecipeCsvGenerateIT.java,org.openrewrite.maven.RecipeCsvGenerateIT,generates_csv_from_java_recipe,"org.openrewrite.maven.RecipeCsvGenerateIT{name=generates_csv_from_java_recipe,return=void,parameters=[com.soebes.itf.jupiter.maven.MavenExecutionResult]}",1,0,0,10,1,10.0,0,10,0,118.59,6.0,0.03
src/test/java/org/openrewrite/maven/RewriteDiscoverIT.java,org.openrewrite.maven.RewriteDiscoverIT$RecipeLookup,rewrite_discover_detail,"org.openrewrite.maven.RewriteDiscoverIT$RecipeLookup{name=rewrite_discover_detail,return=void,parameters=[com.soebes.itf.jupiter.maven.MavenExecutionResult]}",1,0,0,12,1,11.0,0,11,0,121.01,6.55,0.03
src/test/java/org/openrewrite/maven/RewriteDiscoverIT.java,org.openrewrite.maven.RewriteDiscoverIT$RecipeLookup,rewrite_discover_recipe_lookup_case_insensitive,"org.openrewrite.maven.RewriteDiscoverIT$RecipeLookup{name=rewrite_discover_recipe_lookup_case_insensitive,return=void,parameters=[com.soebes.itf.jupiter.maven.MavenExecutionResult]}",1,0,0,10,1,7.0,0,7,0,76.0,4.28,0.02
src/test/java/org/openrewrite/maven/RewriteDiscoverIT.java,org.openrewrite.maven.RewriteDiscoverIT$RecipeLookup,rewrite_discover_recursion,"org.openrewrite.maven.RewriteDiscoverIT$RecipeLookup{name=rewrite_discover_recursion,return=void,parameters=[com.soebes.itf.jupiter.maven.MavenExecutionResult]}",1,0,0,12,1,11.0,0,11,0,121.01,6.55,0.03
src/test/java/org/openrewrite/maven/RewriteDiscoverIT.java,org.openrewrite.maven.RewriteDiscoverIT,rewrite_discover_default,"org.openrewrite.maven.RewriteDiscoverIT{name=rewrite_discover_default,return=void,parameters=[com.soebes.itf.jupiter.maven.MavenExecutionResult]}",1,0,0,16,1,16.0,0,16,0,225.62,10.27,0.06
src/test/java/org/openrewrite/maven/RewriteDiscoverIT.java,org.openrewrite.maven.RewriteDiscoverIT,rewrite_discover_rewrite_yml,"org.openrewrite.maven.RewriteDiscoverIT{name=rewrite_discover_rewrite_yml,return=void,parameters=[com.soebes.itf.jupiter.maven.MavenExecutionResult]}",1,0,0,11,1,11.0,0,11,0,121.01,6.55,0.03
src/test/java/org/openrewrite/maven/RewriteDiscoverIT.java,org.openrewrite.maven.RewriteDiscoverIT,rewrite_discover_multi_module,"org.openrewrite.maven.RewriteDiscoverIT{name=rewrite_discover_multi_module,return=void,parameters=[com.soebes.itf.jupiter.maven.MavenExecutionResult]}",1,0,0,11,1,11.0,0,11,0,121.01,6.55,0.03
src/test/java/org/openrewrite/maven/RewriteDryRunIT.java,org.openrewrite.maven.RewriteDryRunIT,fail_on_dry_run,"org.openrewrite.maven.RewriteDryRunIT{name=fail_on_dry_run,return=void,parameters=[com.soebes.itf.jupiter.maven.MavenExecutionResult]}",1,0,0,9,1,7.0,0,7,0,76.0,4.28,0.02
src/test/java/org/openrewrite/maven/RewriteDryRunIT.java,org.openrewrite.maven.RewriteDryRunIT,multi_module_project,"org.openrewrite.maven.RewriteDryRunIT{name=multi_module_project,return=void,parameters=[com.soebes.itf.jupiter.maven.MavenExecutionResult]}",1,0,0,9,1,7.0,0,7,0,76.0,4.28,0.02
src/test/java/org/openrewrite/maven/RewriteDryRunIT.java,org.openrewrite.maven.RewriteDryRunIT,recipe_order,"org.openrewrite.maven.RewriteDryRunIT{name=recipe_order,return=void,parameters=[com.soebes.itf.jupiter.maven.MavenExecutionResult]}",1,0,0,9,1,7.0,0,7,0,76.0,4.28,0.02
src/test/java/org/openrewrite/maven/RewriteDryRunIT.java,org.openrewrite.maven.RewriteDryRunIT,single_project,"org.openrewrite.maven.RewriteDryRunIT{name=single_project,return=void,parameters=[com.soebes.itf.jupiter.maven.MavenExecutionResult]}",1,0,0,9,1,7.0,0,7,0,76.0,4.28,0.02
src/test/java/org/openrewrite/maven/RewriteDryRunIT.java,org.openrewrite.maven.RewriteDryRunIT,no_plugin_in_pom,"org.openrewrite.maven.RewriteDryRunIT{name=no_plugin_in_pom,return=void,parameters=[com.soebes.itf.jupiter.maven.MavenExecutionResult]}",1,0,0,13,1,7.0,0,7,0,76.0,4.28,0.02
src/test/java/org/openrewrite/maven/RewriteRunIT.java,org.openrewrite.maven.RewriteRunIT,multi_module_project,"org.openrewrite.maven.RewriteRunIT{name=multi_module_project,return=void,parameters=[com.soebes.itf.jupiter.maven.MavenExecutionResult]}",1,0,0,9,1,7.0,0,7,0,76.0,4.28,0.02
src/test/java/org/openrewrite/maven/RewriteRunIT.java,org.openrewrite.maven.RewriteRunIT,multi_module_resources,"org.openrewrite.maven.RewriteRunIT{name=multi_module_resources,return=void,parameters=[com.soebes.itf.jupiter.maven.MavenExecutionResult]}",1,0,0,10,1,8.0,0,8,0,83.4,3.82,0.02
src/test/java/org/openrewrite/maven/RewriteRunIT.java,org.openrewrite.maven.RewriteRunIT,multi_source_sets_project,"org.openrewrite.maven.RewriteRunIT{name=multi_source_sets_project,return=void,parameters=[com.soebes.itf.jupiter.maven.MavenExecutionResult]}",1,0,0,15,1,10.0,0,10,0,104.25,4.77,0.02
src/test/java/org/openrewrite/maven/RewriteRunIT.java,org.openrewrite.maven.RewriteRunIT,multi_main_source_sets_project,"org.openrewrite.maven.RewriteRunIT{name=multi_main_source_sets_project,return=void,parameters=[com.soebes.itf.jupiter.maven.MavenExecutionResult]}",1,0,0,14,1,6.0,0,6,0,55.51,2.81,0.01
src/test/java/org/openrewrite/maven/RewriteRunIT.java,org.openrewrite.maven.RewriteRunIT,basedir_resource_no_plaintext_leak,"org.openrewrite.maven.RewriteRunIT{name=basedir_resource_no_plaintext_leak,return=void,parameters=[com.soebes.itf.jupiter.maven.MavenExecutionResult]}",1,0,0,12,1,9.0,0,9,0,95.91,4.45,0.02
src/test/java/org/openrewrite/maven/RewriteRunIT.java,org.openrewrite.maven.RewriteRunIT,single_project,"org.openrewrite.maven.RewriteRunIT{name=single_project,return=void,parameters=[com.soebes.itf.jupiter.maven.MavenExecutionResult]}",1,0,0,9,1,7.0,0,7,0,76.0,4.28,0.02
src/test/java/org/openrewrite/maven/RewriteRunIT.java,org.openrewrite.maven.RewriteRunIT,checkstyle_inline_rules,"org.openrewrite.maven.RewriteRunIT{name=checkstyle_inline_rules,return=void,parameters=[com.soebes.itf.jupiter.maven.MavenExecutionResult]}",1,0,0,9,1,7.0,0,7,0,76.0,4.28,0.02
src/test/java/org/openrewrite/maven/RewriteRunIT.java,org.openrewrite.maven.RewriteRunIT,recipe_project,"org.openrewrite.maven.RewriteRunIT{name=recipe_project,return=void,parameters=[com.soebes.itf.jupiter.maven.MavenExecutionResult]}",1,0,0,9,1,8.0,0,8,0,93.45,4.73,0.02
src/test/java/org/openrewrite/maven/RewriteRunIT.java,org.openrewrite.maven.RewriteRunIT,cloud_suitability_project,"org.openrewrite.maven.RewriteRunIT{name=cloud_suitability_project,return=void,parameters=[com.soebes.itf.jupiter.maven.MavenExecutionResult]}",1,0,0,9,1,7.0,0,7,0,76.0,4.28,0.02
src/test/java/org/openrewrite/maven/RewriteRunIT.java,org.openrewrite.maven.RewriteRunIT,command_line_options,"org.openrewrite.maven.RewriteRunIT{name=command_line_options,return=void,parameters=[com.soebes.itf.jupiter.maven.MavenExecutionResult]}",1,0,0,13,1,18.0,0,18,0,206.09,9.18,0.05
src/test/java/org/openrewrite/maven/RewriteRunIT.java,org.openrewrite.maven.RewriteRunIT,command_line_options_json,"org.openrewrite.maven.RewriteRunIT{name=command_line_options_json,return=void,parameters=[com.soebes.itf.jupiter.maven.MavenExecutionResult]}",1,0,0,15,1,8.0,0,8,0,83.4,3.82,0.02
src/test/java/org/openrewrite/maven/RewriteRunIT.java,org.openrewrite.maven.RewriteRunIT,java_upgrade_project,"org.openrewrite.maven.RewriteRunIT{name=java_upgrade_project,return=void,parameters=[com.soebes.itf.jupiter.maven.MavenExecutionResult]}",1,0,0,10,1,7.0,0,7,0,84.96,4.36,0.02
src/test/java/org/openrewrite/maven/RewriteRunIT.java,org.openrewrite.maven.RewriteRunIT,java_compiler_plugin_project,"org.openrewrite.maven.RewriteRunIT{name=java_compiler_plugin_project,return=void,parameters=[com.soebes.itf.jupiter.maven.MavenExecutionResult]}",1,0,0,10,1,7.0,0,7,0,84.96,4.36,0.02
src/test/java/org/openrewrite/maven/RewriteRunIT.java,org.openrewrite.maven.RewriteRunIT,container_masks,"org.openrewrite.maven.RewriteRunIT{name=container_masks,return=void,parameters=[com.soebes.itf.jupiter.maven.MavenExecutionResult]}",1,0,0,14,1,13.0,0,13,0,151.27,5.92,0.03
src/test/java/org/openrewrite/maven/RewriteRunIT.java,org.openrewrite.maven.RewriteRunIT,datatable_export,"org.openrewrite.maven.RewriteRunIT{name=datatable_export,return=void,parameters=[com.soebes.itf.jupiter.maven.MavenExecutionResult]}",2,1,2,52,1,57.32,6,57,1,1276.67,33.63,0.41
src/test/java/org/openrewrite/maven/RewriteRunIT.java,org.openrewrite.maven.RewriteRunIT,plaintext_masks,"org.openrewrite.maven.RewriteRunIT{name=plaintext_masks,return=void,parameters=[com.soebes.itf.jupiter.maven.MavenExecutionResult]}",1,0,0,16,1,14.0,0,14,0,171.9,6.4,0.04
src/test/java/org/openrewrite/maven/RewriteRunIT.java,org.openrewrite.maven.RewriteRunIT,lombok_jdk25_linkage_error,"org.openrewrite.maven.RewriteRunIT{name=lombok_jdk25_linkage_error,return=void,parameters=[com.soebes.itf.jupiter.maven.MavenExecutionResult]}",1,0,0,12,1,2.0,0,2,0,11.61,1.0,0.0
src/test/java/org/openrewrite/maven/RewriteRunParallelIT.java,org.openrewrite.maven.RewriteRunParallelIT,multi_module_project,"org.openrewrite.maven.RewriteRunParallelIT{name=multi_module_project,return=void,parameters=[com.soebes.itf.jupiter.maven.MavenExecutionResult]}",1,0,0,15,1,14.0,0,14,0,161.42,8.0,0.04
src/test/java/org/openrewrite/maven/RewriteTypeTableIT.java,org.openrewrite.maven.RewriteTypeTableIT,typetable_default,"org.openrewrite.maven.RewriteTypeTableIT{name=typetable_default,return=void,parameters=[com.soebes.itf.jupiter.maven.MavenExecutionResult]}",1,0,0,15,1,25.0,0,25,0,420.43,14.4,0.11
src/test/java/org/openrewrite/maven/jupiter/extension/GitITExtension.java,org.openrewrite.maven.jupiter.extension.GitITExtension,beforeEach,"org.openrewrite.maven.jupiter.extension.GitITExtension{name=beforeEach,return=void,parameters=[org.junit.jupiter.api.extension.ExtensionContext]}",1,0,0,12,1,17.72,5,17,0,305.38,9.85,0.07
src/test/java/org/openrewrite/maven/jupiter/extension/GitITExtension.java,org.openrewrite.maven.jupiter.extension.GitITExtension,getMavenBaseDir,"org.openrewrite.maven.jupiter.extension.GitITExtension{name=getMavenBaseDir,return=java.nio.file.Path,parameters=[]}",1,0,0,4,0,3.0,0,3,0,43.19,1.93,0.01
src/test/java/org/openrewrite/maven/jupiter/extension/GitITExtension.java,org.openrewrite.maven.jupiter.extension.GitITExtension,toFullyQualifiedPath,"org.openrewrite.maven.jupiter.extension.GitITExtension{name=toFullyQualifiedPath,return=java.lang.String,parameters=[java.lang.Class<Generic{?}>]}",1,0,0,4,1,2.0,0,2,0,24.0,1.5,0.0
src/test/java/org/openrewrite/maven/jupiter/extension/GitITExtension.java,org.openrewrite.maven.jupiter.extension.GitITExtension,getTargetDir,"org.openrewrite.maven.jupiter.extension.GitITExtension{name=getTargetDir,return=java.nio.file.Path,parameters=[]}",1,0,0,7,0,2.0,0,2,0,15.51,1.5,0.0
